{
    "ret": 0.2714158854287518,
    "mtx": [
      [908.34161621, 0.0, 393.30313897],
      [0.0, 914.13408883, 260.09734777],
      [0.0, 0.0, 1.0]
    ],
    "rvecs": [
      [[0.69591928], [-0.1412405], [1.71875481]],
      [[0.54079312], [0.03268179], [-1.49439243]],
      [[-0.33951101], [0.082519], [1.60592547]],
      [[-0.04131978], [-0.35823297], [1.62992324]],
      [[0.69680095], [-0.30390201], [1.12390909]],
      [[0.3627439], [-0.61594352], [1.91354328]],
      [[-0.34562584], [0.28211076], [1.53973637]],
      [[0.12090179], [-0.56474481], [0.20642967]],
      [[0.04280749], [-0.19649057], [1.04872273]],
      [[0.50083753], [-0.59994933], [1.44803821]],
      [[0.06116483], [-0.04475596], [0.62878549]],
      [[-0.28085241], [-0.18297529], [-0.45058884]],
      [[-0.0593337], [-0.41703293], [0.37939012]],
      [[0.22318853], [-0.16421009], [1.3491336]],
      [[0.17033904], [-0.19076334], [1.54606995]],
      [[-0.12501848], [-0.08974673], [-1.74481542]],
      [[0.00580312], [-0.74175363], [1.35825333]],
      [[0.58572945], [0.0419557], [1.70146041]],
      [[0.39837305], [-0.47965706], [1.92407468]]
    ],
    "tvecs": [
      [[4.47054391], [-4.12259344], [34.40165653]],
      [[-5.23354708], [1.83265952], [30.74010014]],
      [[1.80531017], [-3.53616101], [28.90231789]],
      [[1.44641857], [-3.73461112], [24.4676744]],
      [[-1.82815609], [-4.88185049], [31.35106134]],
      [[2.8318356], [-2.82362087], [27.36091008]],
      [[1.04769596], [-4.72415412], [23.82920501]],
      [[-3.04412411], [-5.05482214], [28.40077949]],
      [[-2.75683802], [-5.63760392], [28.07429902]],
      [[2.49081986], [-3.02928742], [18.99118629]],
      [[-2.58061176], [-3.10992877], [35.34260382]],
      [[-3.43865458], [0.39286322], [33.40204594]],
      [[-2.35867547], [-4.73978489], [27.27760478]],
      [[2.9100002], [-4.49604414], [22.78856923]],
      [[0.53079224], [-5.61897874], [32.37439303]],
      [[-3.34521455], [5.48614122], [29.12061179]],
      [[2.17990525], [-5.08532037], [25.43992032]],
      [[3.3417427], [-6.07897637], [33.2929489]],
      [[-0.78661612], [-3.06881248], [29.41951961]]
    ]
  }
  