{
  "ret": 0.18035630737755606,
  "mtx": [
      [1360.4778706947754, 0.0, 710.701837090252],
      [0.0, 1357.6009079469898, 390.06525170482627],
      [0.0, 0.0, 1.0]
  ],
  "dist": [
      [0.005600382067697507, 0.5505799833355751, -0.009753691934064043,-0.007780993270438972, -2.046311299974943]
  ],
  "rvecs": [
      [[0.04666753688239579], [0.1887313356679932],[-2.2356715379717356]],
      [[0.5814129280095782],[0.3938717385545162],[-3.00840888510827]],
      [[0.13292714493466445],[0.12003166487260791],[-1.5974911825291254]],
      [[-0.37701340123818494],[-0.07341533438476201],[3.0909885011771734]],
      [[-0.07298400336727352],[0.07579470000903253],[0.010086144217288307]],
      [[0.10901616526706673],[-0.06438670012073469],[-0.016724198942268845]],
      [[0.7656137314117222],[0.11632131545491875],[-2.83437675284437]],
      [[0.2604133669459299],[0.16226983890058025],[3.072322691707983]],
      [[-0.21916786954502487],[-0.24241256041465373],[-1.5622061903649653]],
      [[-0.09574629374671965],[0.02932704205122305],[-1.4226143485218947]],
      [
          [-0.0306018303259115],
          [0.10370928012920097
          ],
          [-1.5602001063202262
          ]
      ],
      [
          [0.0069022548367561444
          ],
          [0.21553928777509462
          ],
          [-1.3089830695806655
          ]
      ],
      [
          [
              0.1868282926492332
          ],
          [
              0.12086266504019431
          ],
          [
              -2.4747968953041135
          ]
      ],
      [
          [
              0.15962972403877773
          ],
          [
              -1.1081427932414745
          ],
          [
              2.8573865382985146
          ]
      ],
      [
          [
              0.6667433410334473
          ],
          [
              -0.5608621660356429
          ],
          [
              -2.928817915822359
          ]
      ],
      [
          [
              0.006187091660730979
          ],
          [
              0.040841156798673846
          ],
          [
              -0.048114892121998695
          ]
      ],
      [
          [
              0.2848216671353996
          ],
          [
              -0.3564766392979966
          ],
          [
              -3.063888562782871
          ]
      ],
      [
          [
              -0.10869678256051096
          ],
          [
              -0.0338786218878425
          ],
          [
              -1.4125751997757097
          ]
      ],
      [
          [
              0.4121483138556506
          ],
          [
              0.43173594701694196
          ],
          [
              -1.5072786949006585
          ]
      ]
  ],
  "tvecs": [
      [
          [
              -17.51869772427601
          ],
          [
              5.0037811978868865
          ],
          [
              68.05419766042588
          ]
      ],
      [
          [
              -9.557154280491542
          ],
          [
              -0.5751807359001011
          ],
          [
              54.73460085289393
          ]
      ],
      [
          [
              -5.9287130679316835
          ],
          [
              3.1638010409910082
          ],
          [
              65.13512132873424
          ]
      ],
      [
          [
              -21.51446575094033
          ],
          [
              10.467982281568391
          ],
          [
              71.73013423116812
          ]
      ],
      [
          [
              -1.3835761348930689
          ],
          [
              -10.566028641891487
          ],
          [
              50.865970219915
          ]
      ],
      [
          [
              -7.265410817846346
          ],
          [
              -0.9635885451652331
          ],
          [
              71.57643451287812
          ]
      ],
      [
          [
              -20.41742634717298
          ],
          [
              -4.529373983544701
          ],
          [
              67.95581074304125
          ]
      ],
      [
          [
              2.7481972532492973
          ],
          [
              7.330837218282596
          ],
          [
              62.825749910880134
          ]
      ],
      [
          [
              -10.547259676636415
          ],
          [
              -0.5387704859280116
          ],
          [
              68.22709232462758
          ]
      ],
      [
          [
              11.699954038443597
          ],
          [
              1.0206105246835866
          ],
          [
              57.04388185256358
          ]
      ],
      [
          [
              -5.280957293759807
          ],
          [
              -7.508244743739009
          ],
          [
              72.90259211774519
          ]
      ],
      [
          [
              -3.4046557831259077
          ],
          [
              -6.042293793478215
          ],
          [
              59.37084818250603
          ]
      ],
      [
          [
              -15.22294834742061
          ],
          [
              1.2075278040240185
          ],
          [
              73.1575168128931
          ]
      ],
      [
          [
              2.070030849545293
          ],
          [
              -11.137299626487675
          ],
          [
              62.01700794244698
          ]
      ],
      [
          [
              -12.009464774880332
          ],
          [
              8.692372589490748
          ],
          [
              65.51412126422177
          ]
      ],
      [
          [
              6.680815142021153
          ],
          [
              5.945142692595666
          ],
          [
              56.78619129968882
          ]
      ],
      [
          [
              -10.825516246850754
          ],
          [
              6.365656270075335
          ],
          [
              59.69187198187041
          ]
      ],
      [
          [
              12.916480620675614
          ],
          [
              7.391519296074334
          ],
          [
              54.07471732418346
          ]
      ],
      [
          [
              -1.8545708892904518
          ],
          [
              -2.9040242625932433
          ],
          [
              52.77379976067807
          ]
      ]
  ]
}